<resources>
    <string name="app_name">JuegoFlip</string>
    <string name="lbfilas">Numero Filas: </string>
    <string name="lbcol">Numero Columnas: </string>
    <string name="lbElem">Numero Elementos: </string>
    <string name="btnJugar">Jugar</string>
    <string name="ckSonido">Sonar</string>
    <string name="ckVibrar">Vibrar</string>
    <string name="rbColor">Colores</string>
    <string name="rbNumero">Numeros</string>
    <string name="menu_ayuda">Ayuda</string>
    <string name="menu_about">Acerca de</string>
    <string name="tiempo_final">Tiempo: </string>
    <string name="jugadas_totales">Número de jugadas: </string>
    <string name="game_over">Finalizó el juego con um total de : %d Pulsaciones</string>
    <string name="tvTiempo">Tiempo</string>
    <string name="Instrucciones">
        Las instrucciones son las siguientes:\n
        1.- Juega.\n
        2.- Piensa.\n
        3.- Diviertete.\n
    </string>
    <string name="about">
        Juego Flip version 1.0\n
        Dessarollado como Ejemplo para HLC 2º DAW\n
        IES Al-Andalús curso 2018/19\n
        Agradecimientos a:\n
        Desarrollo de Aplicaciones para Android Anaya Multimedia

    </string>
</resources>
